Date,NumAeronaves,Aircraft A,Aircraft A Ini Man Time,Aircraft A Ini Man Lat,Aircraft A Ini Man Lon,Aircraft A Ini Man Alt,Aircraft A Ini Man Vel_xy,Aircraft A Ini Man Vel_z,Aircraft A Ini Man Track,Speed Maneuver,Altitude Maneuver,Track Maneuver,Aircraft A End Man Time,Aircraft A End Man Lat,Aircraft A End Man Lon,Aircraft A End Man Alt,Aircraft A End Man Vel_xy,Aircraft A End Man Vel_z,Aircraft A End Man Track,Aircraft A Conflict Time,Aircraft A Conflict Lat,Aircraft A Conflict Lon,Aircraft A Conflict Alt,Aircraft A Conflict Vel_xy,Aircraft A Conflict Vel_z,Aircraft A Conflict Track,Aircraft B,Aircraft B Conflict Time,Aircraft B Conflict Lat,Aircraft B Conflict Lon,Aircraft B Conflict Alt,Aircraft B Conflict Vel_xy,Aircraft B Conflict Vel_z,Aircraft B Conflict Track
20230528,146,4d231c,2023-05-28 12:57:20,46.722084914228894,6.380637288730638,10581.193988071907,241.2554971238403,-3.732811068701496,193.20613872085946,0,0,1,2023-05-28 13:11:20,45.26805488144611,5.143064979747862,10529.402364079475,227.96891497454436,0.5554977058660964,208.83191812258278,2023-05-28 13:02:20,46.08815557065873,6.165854415508932,10581.193988071907,229.45036396909916,-0.0013242630385475484,210.02962510821982,4cafc3,2023-05-28 13:02:14,46.15416095238095,6.19482619047619,10972.521904761905,223.56732960755323,-0.0013242630385475484,49.306619047619044
20230520,246,89630d,2023-05-20 04:27:42,26.712523338506355,50.94335580965788,10913.93706292265,246.17237297661012,-0.25882650551173714,295.2574202798564,0,0,1,2023-05-20 05:02:42,30.244297860510137,47.59225698977406,10975.189697927888,249.77391059189128,0.6561858534185901,310.4253048177821,2023-05-20 04:27:42,26.712523338506355,50.94335580965788,10913.93706292265,246.17237297661012,0.0,295.2574202798564,896532,2023-05-20 04:27:33,26.7288,50.87121518771331,10363.0,225.53257123868576,0.0,292.70307167235495
20230520,246,896457,2023-05-20 05:03:28,42.49961689084642,30.85443477904843,11582.97351848171,246.67931695871437,0.00251360263948632,287.35970482458515,0,0,1,2023-05-20 05:18:28,43.624964744867995,28.639211089175166,11631.916658343058,249.03356192051945,1.113178779802144,303.8891083249647,2023-05-20 05:13:28,42.89585472602497,29.12984967001836,11582.97351848171,242.31589416850872,0.0,309.27232157887954,44cca1,2023-05-20 05:12:42,42.83083258928571,29.109516964285714,11582.0,246.75312250592185,0.0,302.0
20230526,692,48ae05,2023-05-26 08:12:52,48.09541566615597,22.23467913292048,11128.650564353713,256.84154914177213,-24.833823646871988,149.99778729699273,0,0,-1,2023-05-26 08:48:52,44.94083266897017,27.4379158749697,11125.470762328097,253.51303665024756,-3.238834349741221,132.21391629894967,2023-05-26 08:36:52,45.213081347254324,24.648899099108696,11128.650564353713,242.55939957405374,-6.506180524898191,130.74645532628153,76cdaf,2023-05-26 08:36:21,45.168757683741646,24.545766815144766,11229.449888641426,244.3841837700097,-6.506180524898191,114.84409799554565
20230526,692,4aca12,2023-05-26 12:29:09,43.44425442908689,7.096930435911808,11478.66461692314,229.87897779625683,-4.012700059015909,43.489079943831925,0,0,-1,2023-05-26 13:03:09,47.22915926767828,9.631537736585194,11585.447709416894,225.4418345387632,0.17298097842205767,27.617850638555172,2023-05-26 12:48:09,45.15411670586296,9.358937514722971,11478.66461692314,231.58040193076772,0.0,24.32594851175233,abf0c7,2023-05-26 12:48:05,45.19652995461422,9.38158895612708,10972.0,229.24954326862422,0.0,301.69742813918305
20230526,692,4d2386,2023-05-26 11:26:13,47.01730262760722,8.449182242273487,11316.91508979178,230.2751509121972,0.39153066315823953,159.58563860574057,0,1,0,2023-05-26 13:27:13,46.90171311857105,7.052185573499014,11270.535854714075,225.55474504049758,-1.3687560706920685,320.3959224451057,2023-05-26 11:26:13,47.01730262760722,8.449182242273487,11316.91508979178,230.2751509121972,0.0,159.58563860574057,300224,2023-05-26 11:25:44,46.941058019281336,8.51466365030675,10790.814899211218,228.47613890843868,0.0,194.45912357581068
20230724,229,407f61,2023-07-24 14:43:57,49.96828282786965,5.417077008905569,10567.650623702104,245.90252193408693,-0.9184060053177517,116.98031702087394,0,0,1,2023-07-24 15:06:57,47.73771377954066,7.907018287763452,10564.557429279112,239.0271360481104,-6.49572531567801,135.4186092745109,2023-07-24 14:47:57,49.726981486846185,6.147879802738766,10567.650623702104,238.47279161391006,3.1604304842948316,128.38965751927708,485122,2023-07-24 14:47:49,49.66250655737705,6.2562311475409835,10458.0,228.5893205152999,3.1604304842948316,155.31147540983608
20230724,229,4b9856,2023-07-24 14:15:36,45.79216352190373,14.545647862276557,10241.024021684962,188.41951727454006,-6.773446171645569,299.40981094872086,0,0,-1,2023-07-24 15:00:36,45.35694632295303,8.097235046845626,10558.129259080395,195.70735098913065,1.498175966910603,277.5400453121149,2023-07-24 14:35:36,46.78958061926195,11.988262274712671,10241.024021684962,192.45576030757667,-1.7868182857889754,259.37886755368737,471faa,2023-07-24 14:34:38,46.7074099009901,11.871328712871287,10728.198019801981,190.45483107694824,-1.7868182857889754,244.0
20230724,229,7103d7,2023-07-24 13:58:41,49.16463588996767,5.267701609164589,11683.126555048433,259.8594695711709,-3.9567228566382653,127.97921135899983,-1,0,0,2023-07-24 14:13:41,47.82277922361938,7.795580632081584,11762.245647734444,251.35076936190228,0.18062033266409894,125.91748498103412,2023-07-24 13:59:41,49.078239585597835,5.43592356993481,11683.126555048433,255.11981311587397,2.037437524029219,128.1244860497166,406fdb,2023-07-24 13:59:41,49.10715588235294,5.445626470588235,11256.06862745098,241.89605390677406,2.037437524029219,128.9313725490196
20240528,1475,7c6c90,2024-05-28 19:45:37,-35.094829155164696,146.3959489499405,10980.383271359155,222.30847550807357,-0.9824222382758883,220.28983341070483,0,-1,0,2024-05-28 21:46:37,-34.06482619131332,148.03776073436424,10938.366739275254,230.2170651491242,-9.425206285621744,71.31553900819526,2024-05-28 19:49:37,-35.46150468575808,146.01650419263186,10980.383271359155,218.6184844144745,-0.011445656208916962,219.13703862541135,7c6b31,2024-05-28 19:48:52,-35.470759331199645,146.03909420593754,11023.007173601149,222.64474678748564,-0.011445656208916962,208.7612239267189
20240528,1475,a3696e,2024-05-28 18:42:40,39.007172182067286,-109.07509276456626,11156.478437265905,244.0206901246817,-15.147038162654827,109.35475060173349,0,0,1,2024-05-28 19:27:40,34.54349467894399,-104.75345039660711,11140.030647727142,246.91607877204729,-3.7937077014388865,126.43580947580729,2024-05-28 19:06:40,37.95550258825896,-105.27656890996587,11156.478437265905,247.61523351042106,1.3214255402667119,140.36819197079507,a94b4b,2024-05-28 19:06:12,37.957094976076554,-105.24409043062201,10911.636363636364,226.07195690806304,1.3214255402667119,252.0
20240528,1475,a40694,2024-05-28 19:58:55,36.763209641638895,-113.62696057141486,10541.606335057535,257.01818068767005,-1.6347751850191008,55.245829069068805,0,-1,0,2024-05-28 20:43:55,39.96550765504665,-107.19193791977398,10522.053520704732,241.90513751747625,0.7173002584474474,59.364921161858646,2024-05-28 20:15:55,38.10826030193921,-111.19179316296966,10541.606335057535,246.7459536254639,0.0,56.92531608891791,a16ebc,2024-05-28 20:15:45,38.05510884615384,-111.29079807692307,10668.0,255.56323163459493,0.0,61.58076923076923
20240528,1475,a4b065,2024-05-28 19:36:11,31.428684825068014,-91.22281415116046,10017.24978751888,265.0706049720329,-0.4546902451697262,91.13686202405242,0,0,1,2024-05-28 20:07:11,28.683651983050012,-87.93563296752704,9948.787176779286,242.33152787630462,-0.6650139785313627,122.64927475908192,2024-05-28 19:40:11,31.416864506859316,-90.55386972845851,10017.24978751888,261.9058049283516,-0.31862068965517243,114.92452975043052,a94b0b,2024-05-28 19:39:17,31.436175862068968,-90.51894137931035,10363.193103448277,210.32367160593066,-0.31862068965517243,300.44413793103445
20240528,1475,a583f5,2024-05-28 20:30:49,39.95535821952121,-94.28887100198075,10367.201449155744,202.37316212640292,0.8568824839832253,270.6420409071372,0,0,1,2024-05-28 20:52:49,41.03574814100112,-97.12706808803458,10363.008904866956,213.1122595330792,0.0017569486135915902,288.44523108642545,2024-05-28 20:46:49,39.97357100871121,-96.56265424453217,10367.201449155744,206.87764646897267,0.0,303.3456166694013,aa2bc4,2024-05-28 20:45:55,39.95154180602007,-96.63398829431438,10668.0,260.9876374624476,0.0,92.5752508361204
20240528,1475,a94b4b,2024-05-28 18:03:12,40.1955743332055,-96.21581491379868,10391.807388113639,209.26840404121643,0.8685714415910255,253.77359488402638,0,-1,0,2024-05-28 19:53:12,36.29432473305608,-110.9734027233205,10434.609722860154,214.088951460659,1.020088620094681,236.3440833133455,2024-05-28 18:06:12,40.10052009583135,-96.64017565377435,10391.807388113639,209.6713808828475,-1.5520929416964533,253.73056177952785,a6e361,2024-05-28 18:05:14,40.11387380952381,-96.69590952380952,9934.547619047618,261.6636167458336,-1.5520929416964533,77.19047619047619
20240528,1475,ac96be,2024-05-28 19:19:17,40.26619653811735,-80.34314174344698,10022.077561390379,269.93856110868893,-1.4590391689547324,92.97886968566212,0,1,0,2024-05-28 21:49:17,35.64422813861818,-77.32599995470007,9992.406972041897,234.26479289555883,-3.7991846753992236,190.09908980108375,2024-05-28 19:48:17,40.04185879124079,-74.83816942676195,10022.077561390379,235.34592627982585,0.0,100.4812144064521,ab048d,2024-05-28 19:47:25,39.96268888888889,-74.80231111111111,10058.0,270.283576888483,0.0,36.55555555555556
20240528,1475,ace60c,2024-05-28 19:11:14,41.397876484532496,-98.99607085102892,10667.952861545535,253.64825770420612,-0.010759886189656682,89.60953305255562,0,0,-1,2024-05-28 19:49:14,43.29840288894804,-92.8820998674262,10688.473801283188,240.7259095364983,0.02955420985482026,72.50829472917331,2024-05-28 19:28:14,41.411304990241966,-95.90205857695611,10667.952861545535,248.8031601409916,0.0,67.08689238080667,aa56da,2024-05-28 19:27:22,41.47154592178771,-95.79710849162011,10363.0,198.0185880926168,0.0,267.0145251396648
20240529,4678,0200af,2024-05-29 07:20:22,37.39997841297537,-1.9957841453951104,11581.869592614436,227.50655026413568,0.0024915136159177143,33.6629768924945,0,0,1,2024-05-29 07:56:22,39.51847790438012,2.8812994262205,11582.075767836941,225.39386724057695,5.463550682792605e-05,47.2191192798095,2024-05-29 07:21:22,37.502315157154925,-1.9102122225052538,11581.869592614436,227.59451220400481,0.0,35.26511730406016,34620c,2024-05-29 07:21:18,37.450618181818186,-1.910959090909091,11277.0,235.62563314000988,0.0,212.5909090909091
20240529,4678,02a1b3,2024-05-29 09:30:23,43.42608637955743,-1.6551992678086385,11186.225265763513,231.31390949047125,-12.35714854524871,225.45596810892448,0,1,0,2024-05-29 17:09:23,42.628159169517154,-0.19840162832462876,11138.18667001111,239.7517026584865,-0.03955021836644802,192.0508912272526,2024-05-29 09:37:23,42.812215370497086,-2.5054081728935818,11186.225265763513,230.442264090177,-0.49092097982998845,232.60062042958725,3c6549,2024-05-29 09:37:13,42.731509219858154,-2.5443283687943263,11512.780141843972,225.17080342286613,-0.49092097982998845,41.0
20240529,4678,34440b,2024-05-29 06:00:40,41.29812835886596,1.12695384729191,11451.725561077545,211.46506769053667,-30.001610666503026,3.4473898337588986,0,0,-1,2024-05-29 07:09:40,49.002691461012645,1.6208188234362135,11385.739366304442,204.52517430136464,-4.594866930345341,23.623816355755576,2024-05-29 06:53:40,47.338884130057515,1.635008123582122,11451.725561077545,207.0638530978954,0.0,6.342615164196013,440073,2024-05-29 06:53:33,47.27787163120567,1.6952985815602837,11277.0,214.3689878584851,0.0,207.4822695035461
20240529,4678,34440b_1,2024-05-29 10:37:40,41.97726646120562,0.31814706632024703,8049.100076677476,198.7505091766492,-4.044007255864493,195.40541937991898,0,-1,0,2024-05-29 13:44:40,38.0071711944632,-2.3241480887792823,7999.911298675456,196.36629688556513,-4.085353406785722,138.7716976253926,2024-05-29 10:52:40,40.424391979325506,-0.24795263460423067,8049.100076677476,184.51437727250521,-0.9761431916072368,195.3971081362326,4952c3,2024-05-29 10:51:47,40.35634500026808,-0.1570060640180153,8130.117009811806,176.52859026060335,-0.9761431916072368,198.9885022250818
20240529,4678,3c6470,2024-05-29 08:13:05,40.96618386073301,1.5879930586770954,10863.786970549267,232.72967757142786,-2.497523851352158,48.9370816194421,0,0,1,2024-05-29 08:29:05,41.695728264650235,4.116917493182697,10896.599196488167,242.05955726883644,-9.807676874087345,64.5872354537591,2024-05-29 08:18:05,41.37881069860707,2.2157201952739642,10863.786970549267,241.36793127375836,-25.14153084335272,66.11020121153273,020124,2024-05-29 08:17:17,41.377743542435425,2.2157553505535055,10513.811808118082,223.15560979430714,-25.14153084335272,228.0
20240529,4678,3c65c4,2024-05-29 07:31:25,47.956976541866005,14.400606561672715,11448.220539917991,214.69064565319923,-0.3846412321819103,304.52944818269657,0,-1,0,2024-05-29 09:40:25,51.007955805331356,11.247512559051776,11403.073198108563,235.31155285700675,1.8181573929449173,78.15309234598843,2024-05-29 07:34:25,48.153712228705125,13.973259112747403,11448.220539917991,213.6739335615903,2.126678609618242,303.5791902169783,45202e,2024-05-29 07:33:48,48.09238333333333,14.072600000000001,10955.111111111111,218.36424686966765,2.126678609618242,323.0
20240529,4678,408067,2024-05-29 09:27:07,47.14844558545117,12.483601509567709,10330.085656559724,221.4299616746656,-0.11865467196915447,309.6916150601952,0,-1,0,2024-05-29 10:25:07,50.883364197831575,4.249635667727968,10280.72164949312,208.897257776527,-3.9318797608120577,308.8467680306518,2024-05-29 09:44:07,48.44439901837811,10.161922494466836,10330.085656559724,213.18812997745601,0.9791269772094315,306.0879510562782,39e680,2024-05-29 09:43:12,48.478685618408434,10.168947101891396,10791.369999128388,225.00408592426402,0.9791269772094315,182.17220604898458
20240529,4678,440c38,2024-05-29 06:54:00,37.44235006855465,-1.9789620495030014,11454.475952661502,229.00193068783813,-12.615980437128794,34.870135851904784,0,0,1,2024-05-29 07:31:00,39.40748263207393,3.0000125076138073,11521.251709306305,217.9148753599156,-2.0890793032672996,51.16355304155894,2024-05-29 07:04:00,38.45764390691721,-1.084556833806429,11454.475952661502,224.29933966283107,0.0,64.94627388868655,02010d,2024-05-29 07:03:25,38.53364118303571,-1.0499956473214285,11277.0,233.15319670241777,0.0,212.17522321428572
20240529,4678,440c38,2024-05-29 07:31:00,39.40748263207393,3.0000125076138073,11521.251709306305,217.9148753599156,-2.0890793032672996,51.16355304155894,0,0,-1,2024-05-29 07:44:00,40.675227702035365,3.9577672784531175,11448.342010698982,212.58182025169967,-22.283278024960428,26.19026997067983,2024-05-29 07:38:00,39.923996890776635,3.831283469908316,11521.251709306305,208.3055079223902,0.2968775510204081,24.779501418455517,34454a,2024-05-29 07:37:19,39.87547,3.77476,11277.54,219.548186612133,0.2968775510204081,262.31399999999996
20240529,4678,44ce6a,2024-05-29 08:05:32,50.97347980127637,15.361566475268589,11308.721129448795,220.758468277011,-5.705635226462635,286.2212068381559,0,0,-1,2024-05-29 08:31:32,50.37152692781138,10.78593006417001,10874.956891197296,220.9368547482524,-0.7582364531078976,269.4901358925033,2024-05-29 08:11:32,51.172190379052395,14.272406619637625,11308.721129448795,214.1493597939822,0.0,265.7862145857372,4ac9f9,2024-05-29 08:10:59,51.20935656565656,14.280444107744108,11582.0,237.1494809230198,0.0,347.57070707070704
20240529,4678,4aca13,2024-05-29 07:26:34,53.980386171002245,3.8788858225903295,11585.03673704362,234.2021099492425,-0.031746111660513644,199.89174396324643,0,0,-1,2024-05-29 17:34:34,42.21393290369718,0.4471637962118485,11057.099372601147,237.50812561039217,0.42925351659798244,182.69303754999913,2024-05-29 07:34:34,53.030401953392825,3.3031889345150707,11585.03673704362,242.01565252082654,0.0,179.04998938775793,408059,2024-05-29 07:33:54,52.9710898989899,3.1696929292929292,11582.189898989898,219.96386457289552,0.0,299.8765656565657
20240529,4678,4b1619,2024-05-29 10:07:15,43.1522984835386,0.06446630793735744,11163.70121800784,232.59923874735685,-3.0739268314879977,225.46610852688903,0,0,-1,2024-05-29 10:22:15,41.485135109038914,-1.207556206642795,11188.514338804083,241.01830479816067,5.477920948732264,209.61416140835289,2024-05-29 10:08:15,43.064130650631796,-0.05766451829443289,11163.70121800784,232.72898052879893,0.6072793028885289,223.46325558451989,3c0ac7,2024-05-29 10:08:03,42.999896392698325,-0.04762338526603849,10631.441440432876,228.28791825786845,0.6072793028885289,205.66665422769537
20240529,4678,4b1815,2024-05-29 10:03:53,51.267207211951565,-1.8452044973422073,10292.081163840778,260.1970269656232,-0.028194430090351115,97.81723423229882,0,-1,0,2024-05-29 17:10:53,54.73249216764514,13.94662939579586,10256.55638222823,232.02416090862437,-0.1142046628079905,38.89434031603323,2024-05-29 10:43:53,50.49542907115982,6.9440997390026675,10292.081163840778,206.46349629751577,0.5914004914004911,117.13411695552838,408059,2024-05-29 10:42:54,50.5320555009555,7.003805705705706,10653.677395577397,253.11520065520068,0.5914004914004911,135.62399945399946
20240529,4678,4baa6f,2024-05-29 08:33:15,44.65364476478261,20.701142898421892,10602.589953723353,231.90864204390567,-1.6019319092285704,148.86399084761308,0,0,-1,2024-05-29 08:57:15,43.630266409311545,24.082081242179623,10650.466244676276,232.79104525551244,-3.5467254321936936,129.10714637686095,2024-05-29 08:37:15,44.224778410048884,21.062307517368218,10602.589953723353,236.12193315025624,-18.219221128749624,136.40506661560585,4bc894,2024-05-29 08:36:55,44.18948273381295,21.076507913669065,10226.956834532373,219.53211137247294,-18.219221128749624,283.0
20240529,4678,4bb1e3,2024-05-29 10:21:52,40.42108962884278,21.352910706569716,12197.374372944925,249.337615041891,-0.44648707914349106,254.1977638615198,0,0,1,2024-05-29 10:51:52,40.865204385717306,16.502979001111537,12192.000594095744,231.89564951329152,0.0002482376503596304,272.74765395034706,2024-05-29 10:38:52,39.795266850791585,18.483418299475066,12197.374372944925,230.37733883878636,0.1599338833554197,276.9621181171113,896197,2024-05-29 10:38:36,39.76950997876858,18.478368152866242,11887.0,259.75920749300025,0.1599338833554197,138.0
20240529,4678,4bb267,2024-05-29 10:53:34,48.69891580987848,21.73397508830491,10212.882601378527,234.6307218506595,-0.6822785546292889,341.6010267765268,0,0,1,2024-05-29 11:09:34,50.585979024804594,20.925651729212134,10160.709886142815,228.12155709209972,0.6803202572668526,319.6648925096656,2024-05-29 10:55:34,48.93912609354263,21.612816291576085,10212.882601378527,234.02966906490897,-3.0001389764750375,340.2529923004194,45d065,2024-05-29 10:54:50,48.902401527076606,21.642977561067386,10730.677970587312,226.20896710197857,-3.0001389764750375,73.5245906368568
20240529,4678,4bb267,2024-05-29 11:09:34,50.585979024804594,20.925651729212134,10160.709886142815,228.12155709209972,0.6803202572668526,319.6648925096656,0,0,1,2024-05-29 11:35:34,53.59569525117939,18.819200614567013,10261.857655162443,242.7328023873765,-0.3459107207742476,339.7471170497065,2024-05-29 11:28:34,52.36643335932564,18.500006628469407,10160.709886142815,235.24109247584678,0.0,335.63808652024335,478742,2024-05-29 11:28:05,52.38923908045977,18.507403448275863,10668.0,219.65317180958093,0.0,151.0
20240529,4678,4bb4f4,2024-05-29 09:04:03,41.826807723576415,29.27135525295091,10788.274284466885,241.28850421748118,1.4621655515299767,338.77738409254044,0,0,-1,2024-05-29 09:37:03,44.85559733875609,25.539712888176357,10972.025865786938,232.81639405507923,2.083759469746342e-05,321.0529299331649,2024-05-29 09:22:03,44.01314232276189,28.114656487335328,10788.274284466885,229.30293781353205,0.0,318.2281339667919,76cdb6,2024-05-29 09:21:11,43.98265743243243,28.13067635135135,11277.0,255.39413251623114,0.0,131.53378378378378
20240529,4678,4bc883,2024-05-29 09:44:19,43.40575911734922,23.9024592709091,10367.813378426374,227.48354716939326,0.03942841496907246,317.5688735099986,0,0,-1,2024-05-29 10:15:19,44.7170422238409,19.16452043059131,10362.997816054425,220.67093171505047,-1.6869805169442869e-06,299.1788295149501,2024-05-29 09:48:19,43.768224825181036,23.44599874795923,10367.813378426374,221.9878536454958,-0.9927140255009107,305.53650842920496,452138,2024-05-29 09:47:24,43.81995573770492,23.33801693989071,10486.333333333334,237.66045751690146,-0.9927140255009107,153.0
20240529,4678,4bc88b,2024-05-29 09:19:46,45.11829593653993,22.834180458569286,10363.010113974116,224.8177976928553,6.615571931220802e-05,342.4034240277013,0,0,-1,2024-05-29 10:04:46,48.28576083318264,16.659418067254606,10253.800754445474,220.25126407189762,-0.21145673834377327,326.3551124665543,2024-05-29 09:28:46,46.15936714272145,22.362939888066762,10363.010113974116,224.31597619625478,5.977999999999999,304.76022524308354,452138,2024-05-29 09:28:24,46.16502,22.295456,10558.2,236.8477574775458,5.977999999999999,164.0
20240529,4678,4bccab,2024-05-29 07:12:08,46.99155505291301,14.670264400721074,10274.324721857856,238.12064230276582,-1.8186034258469777,116.53849708367822,0,1,0,2024-05-29 15:12:08,42.19616355559707,27.7199421740079,10226.535615199964,229.3678236795609,-7.353168979466539,99.281625050656,2024-05-29 08:21:08,43.02018394848302,25.858126136579468,10274.324721857856,232.48773073755945,-2.3610111495578625,108.40664561739878,471f4c_1,2024-05-29 08:20:38,43.00435137254902,25.803585098039214,10669.192156862746,228.7596400996151,-2.3610111495578625,281.0
20240529,4678,4bce15,2024-05-29 08:48:12,42.065442219830494,24.092195086995755,11277.074132133062,239.46237642113627,0.007944041151872272,117.1358773284741,0,0,1,2024-05-29 09:09:12,40.14216490808242,26.387243284708028,11296.048243092991,228.93513525671634,2.3137348168783536,134.18663003540468,2024-05-29 09:03:12,41.17887063235327,26.392570864739742,11277.074132133062,230.4461502306892,0.0,143.2928756337808,4bb573,2024-05-29 09:02:13,41.16108569365466,26.495000830399857,11559.904702590486,235.4716081299324,0.0,199.58715407527757
20240529,4678,4ca9d0,2024-05-29 07:25:28,41.68094405650967,0.7209529168870844,10973.64430435657,216.01046624288878,-0.06829569830874914,-1.7437785062791016,0,0,-1,2024-05-29 08:46:28,50.47479045867897,-1.0209733610789093,8681.72643511422,189.09196454736232,-6.11032259059648,15.141055612216151,2024-05-29 08:00:28,45.761804846721226,0.5493802465286026,10973.64430435657,208.86982449457778,0.0,348.06523421492153,39d30f,2024-05-29 07:59:33,45.842236820228614,0.4327047800484932,10954.753086248702,225.00117264262803,0.0,30.80638725320402
20240529,4678,505f15,2024-05-29 10:00:00,38.48746343245664,29.236645713853125,11063.298102847693,305.00137183659416,-10.477932942751176,147.94484538075866,-1,0,0,2024-05-29 12:09:00,38.96176308301497,28.89181002908503,10378.317552650933,222.09357982359882,-20.44494069899681,129.4603164312996,2024-05-29 10:02:00,38.20790633249115,29.458645686168243,11063.298102847693,255.52238378978495,-5.371259799050458,142.30432812975633,4bce15,2024-05-29 10:01:12,38.12531235508446,29.368299867505797,10986.981384564426,216.62092306306525,-5.371259799050458,123.40002649884067
20240529,4678,505f15,2024-05-29 09:54:00,39.13521880347393,28.775484368945296,11235.124537207183,355.6445409185775,-8.019518355557736,151.41025750435284,-1,0,0,2024-05-29 17:24:00,41.13535905296015,27.218447776224348,11186.056254300922,230.16521447761087,-2.081222042861576,143.22949288858342,2024-05-29 10:00:00,38.12214209130746,29.47828215073968,11235.124537207183,305.00137183659416,-5.393710205734054,147.94484538075866,4bce15,2024-05-29 09:59:12,38.11618973169924,29.38166204041073,10985.76667770785,216.54953716155245,-5.393710205734054,123.36759191785359
20240529,4678,76cce2,2024-05-29 06:44:00,50.97209724859618,13.398180260300503,11276.999994779238,261.0307842869508,-2.0186137236725812e-07,113.06529552201923,0,0,1,2024-05-29 07:06:00,48.96979420836361,16.84472553960353,11276.98771541903,252.87406076024513,-5.480895799870091e-05,130.22892754046524,2024-05-29 06:48:00,50.750751020616626,14.216362481866902,11276.999994779238,258.75950428525795,0.15231585694906158,125.3147977544348,3c5ee1,2024-05-29 06:47:31,50.731857528957526,14.227562548262547,11355.899613899614,221.5553280668021,0.15231585694906158,323.0
20240529,4678,76cd6d,2024-05-29 08:49:44,42.50632951181221,30.847171756773726,11873.694148246055,247.14112089397133,2.4378768809809657,287.61720095613697,0,0,1,2024-05-29 09:10:44,44.17693599563118,27.653671871166758,12191.260946789498,257.8316718062153,0.0051661661644146935,305.34787824378225,2024-05-29 09:04:44,43.11036415038566,28.254476623671284,11873.694148246055,258.0215805655041,-24.411009301679854,308.161227219219,8963ef,2024-05-29 09:03:34,43.04854489795918,28.207114285714287,11731.387755102041,268.3001677077206,-24.411009301679854,122.0
20240529,4678,8880e1,2024-05-29 17:53:20,22.77659286059921,88.61014273147723,12341.776450479007,255.89415643206976,-3.302915142288308,115.816430108125,0,0,-1,2024-05-29 18:27:20,22.080974430298916,93.46601032640716,12245.276787398367,249.22694257466225,-9.519660398832116,98.85983664644255,2024-05-29 17:54:20,22.71615763427769,88.7446750189883,12341.776450479007,258.4923474943557,0.0,113.16154938660475,4005d4,2024-05-29 17:53:22,22.74132514325359,88.81543766734333,11900.697955649202,237.8965994295552,0.0,97.16593057018783
20240529,4678,8940a0,2024-05-29 07:33:02,49.88568722379369,11.69775303335778,11089.954054581838,270.33254566523544,-18.089873535341344,104.89690706729958,0,1,0,2024-05-29 12:07:02,37.42840122833049,36.51760518803872,11136.068917237659,244.22208834794282,22.645377814266297,121.81219552243515,2024-05-29 07:43:02,49.50874305052873,13.869609933452892,11089.954054581838,260.72502015523963,-4.0263787721123805,106.40248183393605,4bc84c,2024-05-29 07:42:56,49.55387419354839,13.744086290322581,10946.258064516129,224.2071179239,-4.0263787721123805,305.0
20240529,4678,a07176,2024-05-29 18:26:08,41.86899019451815,-87.68754331905093,11476.325367372481,250.57296282488468,0.5039054915333934,235.09542570487562,0,0,-1,2024-05-29 18:53:08,38.96041550650486,-90.42487660888236,11430.82031419512,238.7240884331306,-5.330991700268839,218.92782633389055,2024-05-29 18:38:08,40.938336748840364,-89.4559490998136,11476.325367372481,250.12219946980534,0.3116239978349013,208.70173013531164,a7b4f2,2024-05-29 18:37:33,40.98846956521739,-89.3467768115942,11277.0,257.89432682027297,0.3116239978349013,155.082497212932
20240529,4678,a1db22,2024-05-29 08:57:51,33.730303000960454,-79.66958610972176,11008.695732863736,205.39365664921633,0.1807050264833294,214.66095333913168,0,1,0,2024-05-29 16:27:51,32.443603352025654,-104.84464537521256,10959.947501732711,242.51235762563965,-0.945601028830659,124.39538088337197,2024-05-29 09:04:51,33.09039135373593,-80.19674658303137,11008.695732863736,211.87460412854728,5.471093336470035,213.34428658861214,a857cf,2024-05-29 09:04:51,33.0648,-80.22012857142857,11015.57142857143,176.70007479548602,5.471093336470035,21.0
20240529,4678,a33eb1,2024-05-29 11:02:01,35.03770590784836,-90.56166401374945,10671.243259574101,262.99194889871995,0.008517347249425475,89.65891106784329,0,0,-1,2024-05-29 11:57:01,37.66421213331604,-81.54275254261638,10667.999999380505,260.8388098664483,5.252712793032629e-09,73.00627387203166,2024-05-29 11:03:01,35.03842940380262,-90.38873219201483,10671.243259574101,262.31498279565517,0.002223901973265436,87.32429587559089,ac2d09,2024-05-29 11:02:13,35.012600453532784,-90.39931632718013,10666.931090070018,271.96283497772123,0.002223901973265436,80.66110518777847
20240529,4678,a3f579,2024-05-29 10:02:59,34.84789917241529,-83.57666598748423,10699.299379564862,199.7459686754168,0.09581164398781816,341.3425338398812,0,-1,0,2024-05-29 16:11:59,39.994999967091985,-91.5289612856045,10651.841665874428,217.60306735920415,-0.8655420981890916,301.2209301985447,2024-05-29 10:14:59,36.07593453317975,-84.08386328680825,10699.299379564862,206.4013006020971,0.0,340.4975369793862,a51b1a,2024-05-29 10:14:01,36.10107088122606,-84.00169310344828,11277.0,289.26171112018295,0.0,138.8582375478927
20240529,4678,a42665,2024-05-29 17:16:20,40.55763430713105,-94.37871412521538,10906.646140933977,220.92389558902823,-7.258687239276767,283.96649808031765,0,0,1,2024-05-29 18:11:20,41.55504253709125,-100.84037148548451,10976.066168097608,217.20751123695226,0.32393118885547584,298.223789151943,2024-05-29 17:30:20,40.95955776423261,-96.511905135947,10906.646140933977,199.15224648373828,0.0,282.4720630060276,a3c3e0,2024-05-29 17:29:40,40.978440873460244,-96.47695834266517,11277.0,248.4502992940562,0.0,79.17245240761478
20240529,4678,a5d648,2024-05-29 11:04:06,34.30023999979103,-92.57360479218237,10671.778900485819,250.02930788852473,0.020590259062178984,38.17578460876189,0,0,-1,2024-05-29 11:49:06,39.53054781880098,-90.45418667248246,10700.527082629691,225.79536775249048,0.3228186173303921,19.516197588734215,2024-05-29 11:21:06,36.106577063915594,-90.84133174988055,10671.778900485819,221.37865704965327,0.0,12.68050711322006,ac82f8,2024-05-29 11:20:58,36.10928466227348,-90.94000136738056,10958.604546952223,229.47455047684159,0.0,213.2158945634267
20240529,4678,a676c4,2024-05-29 07:20:40,37.480130110236246,-86.0987452319125,10362.882544620856,218.1879602149321,-0.0039034944400479395,217.325087602506,0,0,1,2024-05-29 08:30:40,33.437023876119355,-94.18359140570976,10363.003016519056,195.57620778255284,0.0003039960189874778,234.57527424140886,2024-05-29 07:45:40,35.133908792116515,-88.307258832969,10362.882544620856,206.11246983546744,-0.7499766783120663,240.20949008601028,a6a6f6,2024-05-29 07:45:21,35.15758474576271,-88.31883288135593,9931.864406779661,278.43418135035904,-0.7499766783120663,125.5864406779661
20240529,4678,a88072,2024-05-29 10:48:08,41.5288732959427,-73.17719059003558,10599.677354406116,199.99918004910333,4.064761366827541,230.81742472637814,0,1,0,2024-05-29 17:12:08,37.39738902696784,-81.06737804409688,10563.30242920327,221.72864898532708,-1.4608338642795176,340.04732646679923,2024-05-29 11:24:08,39.069043738807686,-77.11450854755755,10599.677354406116,203.58354164263065,-0.31177680525164114,232.63329276273709,a46e6a,2024-05-29 11:23:56,39.01725233737816,-77.11236373980506,10973.22079013328,193.69340083548838,-0.31177680525164114,241.03154724487766
20240529,4678,aaf656,2024-05-29 08:35:56,31.724229977758124,-81.18848555687885,11310.822515680376,233.0922011278153,-0.3383801571254552,8.497537238956761,0,0,1,2024-05-29 09:34:56,38.17594619078825,-75.37382812742736,11300.139913633562,258.1962989730895,-0.0887830066134168,28.12564979231983,2024-05-29 09:09:56,35.964055116940784,-80.42842466918812,11310.822515680376,260.440703551771,0.007734295807095685,35.49158944565728,c01ebb,2024-05-29 09:09:50,35.95186931961296,-80.4278111841499,11589.153051758562,236.81654849740855,0.007734295807095685,175.38721425280295
20240529,4678,ab1ffe,2024-05-29 17:45:28,39.23853496405224,-104.18245758619807,10663.364900615388,249.61580595641956,-0.58044866623453,84.69910471888466,0,0,-1,2024-05-29 17:55:28,39.68501026846358,-102.50896898688558,10521.965284258858,259.45499779690033,-18.2544659771379,66.60801444927867,2024-05-29 17:52:28,39.32487859774635,-102.9724753033823,10663.364900615388,259.28593308357364,0.323404131640136,66.4574447433504,ab38a1,2024-05-29 17:52:15,39.35877309962439,-103.02977428456448,10369.29218386693,218.11792207290512,0.323404131640136,221.76098595957788
20240529,4678,ab2c8e,2024-05-29 17:45:34,42.49677423370524,-95.7205959763098,10835.545478638423,210.70481401647842,-9.588567767738558,257.9392711375607,0,0,1,2024-05-29 19:11:34,43.10994217185092,-105.40868340920275,10923.04771862301,217.69346025700378,-3.573987967052439,231.53456445823323,2024-05-29 17:48:34,42.42513725922733,-96.17144842858076,10835.545478638423,209.13491343105358,0.0,253.14102780171262,abaf1e,2024-05-29 17:47:44,42.35653968253968,-96.06753015873015,10363.0,220.89389271412472,0.0,294.23809523809524
20240529,4678,ab3c0d,2024-05-29 17:57:37,43.26369975793259,-83.1386571890072,11108.16870159657,259.593865784194,-10.591860229162902,80.45002462505092,0,0,-1,2024-05-29 18:13:37,44.190698471604556,-80.33649041715653,11097.666896701634,257.7959469671061,-10.844979713222639,63.62059079409883,2024-05-29 18:09:37,43.540924629767765,-80.86288996693996,11108.16870159657,256.3524460473485,9.190371991246726e-05,60.799954644414214,a05627,2024-05-29 17:59:36,43.52138851004575,-80.85767548040582,11574.525343147006,244.7992870499304,9.190371991246726e-05,256.1456256216431
20240529,4678,ad8b20,2024-05-29 10:06:28,39.771724233389,-88.33231846761015,11004.674099080778,187.67387571300645,0.15460131427730256,265.56938622395825,0,1,0,2024-05-29 16:31:28,36.17239092030392,-114.45088095332828,10956.58555683762,239.64690605976185,7.951546692953924e-46,158.45842000556954,2024-05-29 12:33:28,38.60925601765084,-107.43453760803598,11004.674099080778,224.10157521983132,-4.986421062171471,232.49760354911908,ab0ed6,2024-05-29 11:00:24,38.67084361065797,-107.46027406199022,11086.311430125068,244.0440180480851,-4.986421062171471,64.17887982599238
20240529,4678,ae1479,2024-05-29 10:28:18,31.401732030626377,-81.26955244768422,10417.042541011091,189.8912120807367,-3.1898395220829814,195.83659692253434,0,-1,0,2024-05-29 15:30:18,34.0525485079971,-82.95469503461435,10368.871797565034,206.74194795893987,-2.7818572451659076,120.6431009787537,2024-05-29 10:30:18,31.20400463905211,-81.33483739210742,10417.042541011091,189.74297482581932,0.0,195.82187149390768,a12711,2024-05-29 10:29:26,31.2395125,-81.4307125,10058.0,229.81255380426646,0.0,7.5
20230727,5785,020104,2023-07-27 17:54:05,45.209027982447246,0.3669331089064426,10479.122963783773,226.82813343788928,-23.86632435540001,211.45228782355176,0,1,0,2023-07-27 18:14:05,43.305122480906,-1.3133569545608965,10473.144417380503,221.71316507980072,-7.832857312446296,206.81780582726608,2023-07-27 17:59:05,44.68648940911865,-0.08258223301298967,10479.122963783773,212.534607170374,0.0,211.29220062212008,440053,2023-07-27 17:58:10,44.70331951619163,0.031917795696606355,9929.137777586133,215.41817193436765,0.0,158.68251304385322
20230727,5785,02a1b3,2023-07-27 18:06:35,44.52744788193101,-0.33733439937541865,11198.243531430793,208.78596512555416,3.013987242489494,209.34666463163515,0,-1,0,2023-07-27 18:45:35,40.17051211148893,-2.8300945836806766,11218.914158378879,220.83184320284136,2.5536171935594147,193.90791520409326,2023-07-27 18:06:35,44.52744788193101,-0.33733439937541865,11198.243531430793,208.78596512555416,0.0,209.34666463163515,020112,2023-07-27 18:05:45,44.59670085106383,-0.404507659574468,11277.0,318.85898130049924,0.0,207.0
20230727,5785,06a099,2023-07-27 12:07:24,43.86268759308824,20.76786563287347,10482.754658198834,272.7490759925061,0.3826815941114527,119.83551081953462,0,-1,0,2023-07-27 13:10:24,40.24871045923322,31.823969140652846,10455.00884307732,266.56336765234573,0.7898207930143626,108.62472517040214,2023-07-27 12:23:24,42.68800002805032,23.56437140261912,10482.754658198834,271.9523835251242,-15.106289721674335,111.68044011329081,6831d7,2023-07-27 12:22:46,42.66346239316239,23.671808547008546,11000.675213675213,260.8238147055536,-15.106289721674335,112.0
20230727,5785,06a0b0_1,2023-07-27 17:23:08,45.17406676822125,23.34198250619177,11792.235898801115,303.7566601885082,2.2585183650730314,118.46123253489579,-1,0,0,2023-07-27 17:47:08,43.21925979488414,27.87189744676943,11689.865456687023,312.04019945907237,-6.090112385049639,122.7918421836892,2023-07-27 17:33:08,44.39068735504949,25.365140316678833,11792.235898801115,79.61700342430686,0.0,119.43557571773145,896214,2023-07-27 17:32:30,44.33209432048682,25.30329810068228,11341.477411027106,279.7292031948343,0.0,159.1736031716762
20230727,5785,06a1eb,2023-07-27 14:34:12,46.168070765440994,22.301566160088445,10672.154461735132,250.6466624158651,0.20280704010311398,126.98492632959592,1,0,0,2023-07-27 16:31:12,35.898894889779015,39.64061699019759,10667.999999998385,260.50381248878483,0.14273739321156667,135.2908745362882,2023-07-27 14:37:12,45.92356489743144,22.766845566915936,10672.154461735132,292.96608514198823,-2.5500429055098515,127.29234161187159,a806d8,2023-07-27 14:36:25,45.8693092893068,22.859891707850423,11070.641975071068,245.58681041105908,-2.5500429055098515,223.79810715066697
20230727,5785,06a2e9,2023-07-27 12:42:03,45.00082597075479,26.374802646966256,11148.801891186555,273.35628603079647,3.8961415097819203,136.59965059794405,-1,0,0,2023-07-27 13:07:03,42.38773225550765,29.71759540183394,11740.159873324872,274.55665943285965,-2.4847996853638206,123.06151894139713,2023-07-27 13:02:03,42.854081647667684,29.179403363564322,11148.801891186555,365.09807346435133,0.46736778387859373,137.6952292953795,4cad49,2023-07-27 13:01:22,42.77930954015099,29.21965367192862,11277.0,49.555234005505724,0.46736778387859373,94.70418668496912
20230727,5785,0d0a19,2023-07-27 17:48:54,32.76138704732805,-117.19938934269926,10564.261896485721,223.07245145190376,-5.6941201223211815,137.11258375677448,-1,0,0,2023-07-27 18:21:54,30.138936656404343,-114.29931991239427,10359.62528587353,222.08226257617204,-0.31485809931803593,134.01283299766365,2023-07-27 18:09:54,30.9033763610505,-115.17952768628385,10564.261896485721,80.49302570134842,1.7632931584544485,143.787658411575,0d0ce0,2023-07-27 18:09:20,30.83743218716767,-115.17392364409784,10722.65523573201,204.79220740067268,1.7632931584544485,147.8363452676356
20230727,5785,151e53,2023-07-27 11:59:28,44.25416187379708,47.296899553194805,11276.98818300174,261.8847890756067,-1.2273365033736012e-05,68.4589383758608,0,0,1,2023-07-27 15:34:28,52.126129330759234,66.05233280137266,11277.29804375803,223.96409723722226,-0.16392406692406664,207.43071557271526,2023-07-27 11:59:28,44.25416187379708,47.296899553194805,11276.98818300174,261.8847890756067,-0.0001415525114156109,68.4589383758608,151e2f,2023-07-27 11:58:55,44.276228,47.3863585,11277.0,20.428667903178876,-0.0001415525114156109,70.0
20230727,5785,151e6b,2023-07-27 11:32:27,43.410523473055065,48.25422632328428,10674.520156840137,108.31596706517689,0.02376450944683784,366.4979912142359,1,0,0,2023-07-27 11:55:27,45.539137226916026,48.45005202755011,10674.222472024647,115.98511470460966,0.021432096802897163,4.681950931838428,2023-07-27 11:44:27,44.107919909161424,48.363876929988905,10674.520156840137,314.59395400301054,1.320004354158221,43.933871006213195,151e14,2023-07-27 11:44:02,44.0732355704698,48.26753523489933,10654.694630872484,256.3888886343212,1.320004354158221,85.0
20230727,5785,3453c3,2023-07-27 11:36:04,52.75372987325658,5.845056787053176,10553.184926190768,259.2269573473015,-3.071102017919048,40.64158994716124,1,0,0,2023-07-27 11:49:04,54.26031898750722,7.741343796333092,10555.225897710912,259.3320649124997,-5.142242865890472,37.62395471540066,2023-07-27 11:39:04,53.0716022148543,6.2973759066262085,10553.184926190768,305.2191145126764,0.0,36.20858608630827,4ca700,2023-07-27 11:39:03,53.10897452725251,6.30790489432703,10972.0,199.9023751771465,0.0,216.01446051167963
20230727,5785,392aed,2023-07-27 11:17:22,44.635778767974124,2.6983005055554203,10457.903906172207,60.114034627542466,-1.8685280885112814,174.1277598086567,1,0,0,2023-07-27 11:59:22,40.196059514829095,3.1195164618311897,10646.567932663616,58.238231719082854,-0.21866827141872644,179.1436744452291,2023-07-27 11:24:22,44.40976252093614,2.7307843302756187,10457.903906172207,225.4937102634301,-11.058146766169154,172.89792659216167,3946e5,2023-07-27 11:23:36,44.45625,2.730725,11048.25,221.1708019916528,-11.058146766169154,174.0
20230727,5785,400afb,2023-07-27 11:07:10,46.81594351141886,10.347798367855479,10276.028190131881,208.82280442599475,-3.463096511578665,312.1651150377821,0,0,-1,2023-07-27 11:33:10,47.875505657560865,6.384376647837415,10363.063955760386,215.02191376967806,0.05208238398806126,294.40769756794083,2023-07-27 11:18:10,47.64738762146123,8.997784518032297,10276.028190131881,207.05787603636108,-13.561418685121108,282.1343525711337,4bc887,2023-07-27 11:18:05,47.69230588235294,8.9094,9914.470588235294,248.99342237185218,-13.561418685121108,105.52941176470588
20230727,5785,40688d,2023-07-27 11:50:17,45.45358485048777,24.058897384950466,11830.264038896481,284.30537431538136,-7.533327520286097,125.028405053294,-1,0,0,2023-07-27 12:11:17,43.58215613921596,27.545211270846814,11875.239789606047,274.8717468248536,-0.32450387298959293,127.06663787675346,2023-07-27 11:51:17,45.3653476794342,24.23719422252378,11830.264038896481,276.14445663632773,-28.6334,125.14911476879547,405bfd,2023-07-27 11:50:36,45.384311999999994,24.286217999999998,11295.3,224.1708479613731,-28.6334,303.94
20230727,5785,40697c,2023-07-27 11:11:53,47.12841159305136,12.084280310148905,10865.616396311907,198.10201505650508,0.41865800291553806,301.0001692687458,0,0,-1,2023-07-27 11:40:53,47.71851306740735,7.518312705701852,10968.388904801335,207.77134483141742,0.16065932160058777,283.085565416952,2023-07-27 11:13:53,47.23838410519525,11.815302159309145,10865.616396311907,198.75949678419963,0.0,295.7952923399758,30067e,2023-07-27 11:13:11,47.16335212765957,11.723794680851064,10668.0,113.47304927071518,0.0,188.0
20230727,5785,406a92,2023-07-27 11:05:31,46.92672318180233,10.168153280070145,10827.589228239298,207.03944376479336,-4.64946994912042,313.0935469199717,0,0,-1,2023-07-27 11:36:31,48.1978409636161,5.505634227880987,10972.814634243565,214.0890903492868,-0.005950344208364694,294.5550011689531,2023-07-27 11:07:31,47.079280122654936,9.929427131186825,10827.589228239298,208.43859407648864,-0.007469845324244661,308.52143289036866,406696,2023-07-27 11:06:49,47.13128074074074,9.842971358024691,10972.15012345679,205.2215946116268,-0.007469845324244661,314.01175308641973
20230727,5785,4072ea,2023-07-27 12:46:57,47.01437502733764,19.55389467670612,12105.400274367395,191.0094475512891,7.546845330434523,292.96447822092864,1,0,0,2023-07-27 13:20:57,48.56207744815815,14.15060852347041,12025.132449369281,196.36653834087613,-3.8593023580867767,292.1258195515547,2023-07-27 13:10:57,47.97755430852878,16.191402543200425,12105.400274367395,216.93226164289706,0.0,293.4205057857043,89655b,2023-07-27 13:10:17,48.04770481586402,16.29985835694051,12192.0,212.7219076278289,0.0,291.7889518413598
20230727,5785,40773b,2023-07-27 11:44:33,49.37700918259108,1.5361718579183992,11261.112891605906,243.93779063758095,-0.21679526357141984,135.28387042227024,0,0,-1,2023-07-27 12:17:33,47.723371323012294,7.750004181068814,11277.000577043085,262.8956836320375,1.4432325754287738e-05,118.67006038911592,2023-07-27 11:53:33,48.53453426184242,2.8005462111657153,11261.112891605906,254.71421585965157,-0.03685496437496848,106.30137027527523,4d224f,2023-07-27 11:53:08,48.55111047140283,2.857319292421512,10889.038110594707,203.5134220226228,-0.03685496437496848,231.6081798349616
20230727,5785,407a05,2023-07-27 11:34:33,53.78333535621841,-1.6308858847743866,10999.362201598367,198.40423157669073,0.19856909700429853,333.34021588254296,0,1,0,2023-07-27 17:51:33,50.45877618924592,-5.935350005868222,10956.16099704394,228.83403007775883,-1.1108144776062352,351.7581628699457,2023-07-27 11:53:33,55.598631978544866,-3.2068510813934608,10999.362201598367,176.05790810855328,-1.6054337672217542,319.39562729133104,4008f2,2023-07-27 11:53:29,55.52952886597938,-3.0718072164948453,11506.536082474227,225.56460593600872,-1.6054337672217542,332.2474226804124
20230727,5785,407bdc_1,2023-07-27 16:36:09,44.649821968051235,-3.2275943994334977,11279.960208702043,231.09105986852703,0.36609785085406205,173.59860012020596,0,0,-1,2023-07-27 16:49:09,43.14476497459121,-2.3852575935870735,11190.367378546147,241.0201775662287,-10.512890500551913,155.96902594488003,2023-07-27 16:46:09,43.409713472307416,-3.034946763799842,11279.960208702043,241.10550418451226,0.4110383595193877,149.4126019363888,4400b7,2023-07-27 16:45:42,43.466870767416324,-2.9533637480174066,10950.45709300907,230.7437273682933,0.4110383595193877,143.21430111025256
20230727,5785,407c0b,2023-07-27 13:26:39,43.708689266714536,15.460675036250548,11277.012793499469,189.71963747807607,0.0005216435036525739,126.37648018224583,1,0,0,2023-07-27 14:47:39,35.14900062264228,26.266059102523787,11277.001260637,194.0331735224776,0.00024364389560014473,143.01127878512398,2023-07-27 14:26:39,40.05852398376381,22.085654811606396,11277.012793499469,263.079982365025,0.0,141.76258311632947,452112,2023-07-27 14:26:32,40.033095899309785,22.170908499120316,11407.21261334416,220.6801599875221,0.0,212.2918121532007
20230727,5785,43c39d,2023-07-27 12:09:43,30.77704160958694,-85.14553044948374,9949.805145395376,278.89000009176175,-6.191678798420026,101.77560533188358,1,0,0,2023-07-27 13:07:43,25.061038177419633,-81.50544020491381,9936.620518463626,225.79094434476545,-13.596820248566209,116.17199743017187,2023-07-27 12:15:43,30.59154893691043,-84.11991490426732,9949.805145395376,227.30368663156816,-2.4796747967479673,122.56293683028059,a2200a,2023-07-27 12:15:23,30.6,-84.1936,9753.0,229.35658650774224,-2.4796747967479673,161.0
20230727,5785,461f9e,2023-07-27 11:30:57,56.16474738596551,17.85646775394666,11442.004341576634,224.0785116156284,-0.11127991262590796,219.60546870909755,-1,0,0,2023-07-27 12:24:57,49.58754069820708,14.394994440553203,11540.626502839486,244.79916888843616,0.3796606616455093,201.57651426807345,2023-07-27 11:34:57,55.79230698348846,17.30794107650353,11442.004341576634,231.61139711959132,0.0,206.83990012183665,4ac9f4,2023-07-27 11:34:34,55.85712835820895,17.381020895522386,11277.0,246.09490389039104,0.0,159.86567164179104
20230727,5785,461f9e,2023-07-27 11:09:57,58.08677903477002,21.24018088122816,11439.136391560321,176.87233334280015,-5.269110125145252,223.46028822335887,1,0,0,2023-07-27 11:52:57,53.65914677198744,16.266618767830426,11444.564169376545,185.09430101437158,-13.032838653612554,195.04209933022784,2023-07-27 11:16:57,57.60222435710778,20.38059423612436,11439.136391560321,331.58207962555167,0.0,222.9221176702956,152063,2023-07-27 11:45:09,57.527,20.51,10972.8,223.54,0.0,189.94
20230727,5785,4841a5,2023-07-27 11:08:39,45.76478003763252,7.5653750752632165,11602.345991900746,211.64072937640233,-0.028952564937622754,307.7002693349589,0,0,1,2023-07-27 11:59:39,47.074821281920435,6.2010925854604295,11582.399993219908,238.73208453787834,-8.003281281112114e-08,325.9389312772575,2023-07-27 11:12:39,46.043947666810205,7.047125727869949,11602.345991900746,217.7022587056711,-0.0012164691203981441,319.6545865984258,39d307,2023-07-27 11:11:33,46.08700655021834,6.971186244541484,11582.365938864628,208.80580267777648,-0.0012164691203981441,309.3539519650655
20230727,5785,485788,2023-07-27 18:01:43,37.929726535650396,-87.76208677328485,11719.531529805057,251.3607634173005,-9.498030721605057,220.96687478637202,1,0,0,2023-07-27 18:16:43,35.62181316350393,-90.31286898181315,11403.199560655843,260.8060035506959,-3.8092166840440735,220.4158762613435,2023-07-27 18:14:43,36.59510767645303,-89.21027542370206,11719.531529805057,267.73641006061945,0.0,220.69072673566112,abc7a3,2023-07-27 18:14:24,36.51871239669422,-89.23477107438016,11582.0,235.17573020489007,0.0,324.75206611570246
20230727,5785,48597d,2023-07-27 11:08:21,46.90243601286419,8.546895562632873,11290.25328486906,245.74434114663617,-7.68584068916727,174.08807287156645,0,-1,0,2023-07-27 15:53:21,46.1334697603263,6.533597297297285,11241.182539520636,235.34845486996394,-5.695889852116258,274.3157827638957,2023-07-27 11:25:21,44.65919824982663,8.878552524243718,11290.25328486906,235.63466241852774,0.0,179.08883824763546,4844c6,2023-07-27 11:24:52,44.57945436241611,8.78365413870246,11582.0,212.7834457478007,0.0,320.22035794183444
20230727,5785,4864ee,2023-07-27 10:44:06,50.308011944254226,7.979336553947699,11779.193961256542,258.1352103603039,2.472518823479585,146.27048282409547,-1,0,0,2023-07-27 11:06:06,47.802759203438534,9.993374506135096,11890.170331088697,253.29371028177857,0.024883979269611178,151.89416099174713,2023-07-27 10:47:06,49.96041591682394,8.339768366475813,11779.193961256542,216.2516686454343,2.3708225873356454,147.82989730743273,4401e8,2023-07-27 10:46:21,49.90915505617978,8.410159550561797,11880.14606741573,91.93809731353764,2.3708225873356454,145.0
20230727,5785,48c26c_1,2023-07-27 15:39:08,48.67735128374586,14.268081930207416,11517.161162830756,229.77583542941906,-7.166033547870671,194.89311712523542,0,0,1,2023-07-27 16:29:08,44.20868258292449,9.379698507609097,11887.452076538191,202.97508714326307,0.06199822322266985,213.36154176367225,2023-07-27 15:39:08,48.67735128374586,14.268081930207416,11517.161162830756,229.77583542941906,4.033749380151886,194.89311712523542,471f5c,2023-07-27 15:38:14,48.64425649892193,14.183816166958218,11277.319173345268,266.887029479523,4.033749380151886,111.08936170212766
20230727,5785,495212,2023-07-27 11:16:23,40.675935500416315,-6.717863679100306,10243.257445096237,223.2293903823655,1.3554397236926072,46.49607138115174,0,1,0,2023-07-27 12:14:23,44.226485541472556,2.5295914886675113,10198.5865145077,252.39198345783268,-5.549019744426615,49.50156431660795,2023-07-27 11:49:23,43.41330176583474,-2.842169689621172,10243.257445096237,248.90805815547697,-1.5027715469230465,61.11379253612438,3c64b1,2023-07-27 11:48:30,43.43087739463601,-2.878155938697318,10512.578544061304,219.93442049995764,-1.5027715469230465,251.0191570881226
20230727,5785,4a2aac,2023-07-27 18:29:50,35.294365519531226,27.417595893722066,10225.133357750718,225.1841627616421,0.36201662238837795,333.99205989511,1,0,0,2023-07-27 18:44:50,36.993605932382046,26.39109645488133,10229.133586249056,228.25602156949725,-23.086093191327638,333.00596288984246,2023-07-27 18:35:50,35.95091200457516,27.02493295342205,10225.133357750718,325.2048755262733,0.0,333.34376583967304,89620b,2023-07-27 18:34:53,35.939918181818186,26.940488311688313,10668.0,274.3389732137643,0.0,114.0
20230727,5785,4ac9e3,2023-07-27 10:48:18,47.662748168825594,21.691645999704456,10503.440502890528,246.1878490378346,-19.595856120472348,146.06951108946922,1,0,0,2023-07-27 12:00:18,38.65610770452469,28.625318645937178,10535.665382003333,253.05905050123587,-3.474421594317451,152.2473723957568,2023-07-27 11:26:18,43.47055407499141,25.703954151628018,10503.440502890528,260.188329890347,-12.166085486504922,151.28724358804973,4bab52,2023-07-27 11:26:13,43.53952605459057,25.614954094292806,10860.357320099256,221.79573654313387,-12.166085486504922,314.0
20230727,5785,4b027f,2023-07-27 08:19:41,39.733311616648635,25.10717139659137,11482.304700736355,132.02403399678158,-8.144067235246004,310.34579778177715,0,-1,0,2023-07-27 09:48:41,45.49783310033672,14.829305536710494,11447.768932317696,196.53564420151986,0.600189612813654,305.6247762801227,2023-07-27 09:10:41,42.08733022050724,21.450566304392417,11482.304700736355,187.42727265634213,0.5533684857918195,304.64515318071835,407f63,2023-07-27 09:10:20,42.09536129032258,21.52105806451613,10893.548387096775,184.8850906347265,0.5533684857918195,309.258064516129
20230727,5785,4bb262,2023-07-27 10:36:32,45.05601754421762,22.545691125358506,10201.115703980056,178.21484289727246,-1.5723293541479237,310.8013864793134,1,0,0,2023-07-27 10:54:32,46.21337048727324,20.478651446289636,10155.887787170903,186.962523502908,0.42754553919339255,299.76133279220767,2023-07-27 10:48:32,45.80986980577513,21.30368910774798,10201.115703980056,291.33408277174703,-7.605023064389643,307.93159509369343,452086,2023-07-27 10:48:15,45.84536011560694,21.37239075144509,9920.485549132947,280.44948793991205,-7.605023064389643,113.54913294797687
20230727,5785,4bb275,2023-07-27 12:17:03,48.87043491267673,13.08966575277681,10263.455419259551,127.18135861235787,22.25231442559677,117.76042135335165,1,0,0,2023-07-27 12:47:03,46.841342917550655,18.73026069143368,9861.692921586638,136.71974805862277,-16.771071863221664,119.01632850112432,2023-07-27 12:35:03,48.29445619367943,14.73655725089602,10263.455419259551,227.27583953484267,-0.26595323028141094,118.08226088903574,4baa92,2023-07-27 12:34:57,48.27681954022988,14.648045977011494,10292.885057471265,191.22316599998538,-0.26595323028141094,308.0
20230727,5785,4bb275,2023-07-27 12:47:03,46.841342917550655,18.73026069143368,9861.692921586638,136.71974805862277,-16.771071863221664,119.01632850112432,-1,0,0,2023-07-27 16:00:03,37.89938575984985,34.23958656660409,10058.208705440882,127.27772613551278,0.41569133985034395,133.9276566604126,2023-07-27 13:01:03,46.339682798062974,20.04033168827497,9861.692921586638,7.601445973121264,0.0,119.5011094542027,4baa85,2023-07-27 13:00:37,46.39085371428572,19.961858857142857,10363.0,189.11093149982787,0.0,307.18285714285713
20230727,5785,4bb325,2023-07-27 18:22:18,41.73229062548171,29.318990784271023,10975.106203369833,204.98947193708767,-0.02208616128048036,341.36330819106564,0,0,-1,2023-07-27 19:18:18,45.78170831397516,23.678671112926256,10972.000646972348,190.86159825548768,-6.472785836054738e-06,324.30352920300504,2023-07-27 18:34:18,42.99119968171399,28.74594614995158,10975.106203369833,196.82953006095795,0.0,311.1642511665146,8963b4,2023-07-27 18:33:29,42.93484871816008,28.85089658313412,11290.008358750309,277.141083130556,0.0,124.80732462286701
20230727,5785,4bb4e3,2023-07-27 11:54:20,47.19991160471141,23.35812552148878,11001.575780116804,216.01286884401037,0.9873185922180647,319.86172080526455,0,-1,0,2023-07-27 18:43:20,40.698515692668806,29.76436114724236,10952.472879070236,210.31513192929478,-0.5082613447757773,335.2826889477149,2023-07-27 12:04:20,48.090547753111224,22.245156153517584,11001.575780116804,208.0405043356569,0.0,324.0471777054041,4891b4,2023-07-27 12:04:18,48.01810530973451,22.24476076696165,11277.0,259.23308150362703,0.0,150.6401179941003
20230727,5785,4bc841,2023-07-27 10:47:46,46.29761857763052,18.007388315026155,10057.792049122178,243.39134960409368,-0.021059482500374878,118.53128100217788,-1,0,0,2023-07-27 11:06:46,44.46348218339422,21.204685414282412,10042.962371798752,239.7063548456722,-0.781788680309046,131.33218837798395,2023-07-27 10:51:46,46.046127621152465,18.67157901399453,10057.792049122178,179.61101047095786,-12.673130193905816,122.09593835684859,4bc85a,2023-07-27 10:51:30,46.118471929824565,18.593489473684212,10432.561403508771,288.8816499967989,-12.673130193905816,128.4561403508772
20230727,5785,4cad49,2023-07-27 12:41:22,42.969534896630925,26.74707642950293,11149.607428102418,276.73740952243725,-12.032690202108995,92.95162384723639,-1,0,0,2023-07-27 13:54:22,41.755994336823846,41.2870749502002,11276.999999124144,268.38716507237655,0.08194757461851034,99.0471412977839,2023-07-27 12:47:22,42.922275034396684,27.966094438321242,11149.607428102418,165.81553862141388,0.0,93.51782221026993,452086,2023-07-27 12:47:15,42.90963369503573,28.056785515520435,10612.659998487656,238.18220575447086,0.0,153.69238534538167
20230727,5785,4d239b,2023-07-27 11:41:25,41.865812603144434,31.07115404022175,11281.540056171865,238.43754030048711,0.3891527265650745,123.6118077810089,0,0,1,2023-07-27 11:53:25,40.785525392904894,32.349526578976736,11206.47437147248,178.40423004003878,-5.988053754398723,139.22656104171674,2023-07-27 11:42:25,41.79442196854132,31.214498568796134,11281.540056171865,238.8770770517692,0.0,126.4345870608884,4bcdee,2023-07-27 11:41:28,41.82403711340206,31.238221649484537,10972.503092783505,242.6038878661607,0.0,317.6855670103093
20230727,5785,502d34,2023-07-27 13:48:23,43.02241324798375,-1.815552444339143,11223.585810651259,201.90178727801097,1.4156675304294228,216.9046788600714,0,0,-1,2023-07-27 14:13:23,40.11135819594172,-2.6760334051134325,11234.324876942104,215.24212797224564,-0.9434410241870161,199.249649888263,2023-07-27 13:57:23,42.23728717838415,-2.613136571877522,11223.585810651259,229.29155344553877,-0.4457692307692307,183.41668525972375,3950d0,2023-07-27 13:57:08,42.255775,-2.527615,10713.6,242.1035690110303,-0.4457692307692307,25.0
20230727,5785,7380c1,2023-07-27 19:05:39,40.85393853880064,-109.82883904347342,10588.398659429848,277.8596721832629,59.150185818612044,45.2358175094691,0,0,1,2023-07-27 19:23:39,42.547264480959434,-107.46820563201968,10461.591513656478,273.9653971942936,-4.2460900140852855,62.42040928705537,2023-07-27 19:07:39,41.065196764909935,-109.54740544520403,10588.398659429848,275.4452201972274,-0.00046880594343170893,50.87652798646792,a842e7,2023-07-27 19:07:33,41.01755595238095,-109.51888296130953,10363.0,215.50458124960193,-0.00046880594343170893,300.31175595238096
20230727,5785,7380c3,2023-07-27 18:53:04,27.07040111024258,49.43083728777083,11098.786435437654,246.85900285850775,-14.82161810008404,91.9896472131937,-1,0,0,2023-07-27 19:21:04,25.957361355176133,53.530492652284295,11136.615192917456,252.27749605709565,-2.470831208511503,108.04407250617699,2023-07-27 19:02:04,27.027920367979647,50.77363006108404,11098.786435437654,79.09251958018038,0.0,98.15774185084084,70203e,2023-07-27 19:01:56,27.009735294117647,50.841258823529415,10668.0,112.95769531920945,0.0,95.67647058823529
20230727,5785,740731,2023-07-27 11:41:30,46.35364789787016,11.351646240303696,10588.570026420892,266.8772111765037,-9.297583858051066,147.2828210011887,0,0,-1,2023-07-27 12:16:30,43.10953993777783,16.98308381099561,10677.2089221317,278.8954947027799,0.04744319877160326,129.71836547240332,2023-07-27 11:57:30,44.413286557226655,13.118106553084703,10588.570026420892,273.6958832152979,-14.073664224393994,126.5487509619092,406fdb,2023-07-27 11:56:37,44.36466757679181,13.068252218430034,10856.83276450512,205.52993696752745,-14.073664224393994,312.0
20230727,5785,80073d,2023-07-27 12:43:28,49.12096214479791,15.520359217396596,11376.81336911311,290.36469703319005,-1.2419268149638965,106.86741847268318,-1,0,0,2023-07-27 13:00:28,47.90328713204034,19.00195051773279,11765.456462661463,282.6370921849464,1.470632744805313,125.31091251900938,2023-07-27 12:49:28,48.84687946683585,16.88641622044267,11376.81336911311,181.4705620932456,0.0,107.42449997122705,407ac3,2023-07-27 12:48:57,48.918327272727275,16.858681818181818,11277.0,280.826065287143,0.0,137.0909090909091
20230727,5785,800c42,2023-07-27 11:52:21,27.070020793254105,49.63275326369271,10681.761504164868,102.15268957131529,-0.0012785177492052936,91.87418414949046,1,0,0,2023-07-27 12:11:21,26.48957798717448,52.3717433498296,10498.18720677945,110.73963615029422,-1.861778201903853,110.53524171599788,2023-07-27 11:53:21,27.068198164484347,49.69450926229696,10681.761504164868,104.7546144558374,5.109082871299897,93.48875249931031,896372,2023-07-27 11:52:31,27.055088841201716,49.786395278969955,11003.416309012875,85.45443394127824,5.109082871299897,93.0
20230727,5785,800c42,2023-07-27 12:13:21,26.472138190354514,52.404618232593,10493.535402680183,75.82931276542378,-1.8367304892659293,110.95057351311664,-1,0,0,2023-07-27 12:33:21,26.485311822108862,55.324976316339914,10669.615389137647,85.61770726936503,0.04448895276700197,63.366505465917704,2023-07-27 12:25:21,26.295862300607503,52.91553581649102,10493.535402680183,237.77626933405847,8.448644609358896,80.87614560638754,70606c,2023-07-27 12:24:57,26.300040476190475,52.9772619047619,9963.595238095239,231.3973116381772,8.448644609358896,110.0
20230727,5785,89618a,2023-07-27 12:11:58,47.391647040981624,11.570543061234948,11799.184420111967,283.6592943638133,-4.113276530409618,98.12553615353217,-1,0,0,2023-07-27 12:31:58,46.85255876811017,16.007459219780042,11886.76881344595,292.0179890090571,-0.012820253600462527,101.70418952828827,2023-07-27 12:16:58,47.28237634345657,12.684994193128842,11799.184420111967,189.29240229208793,-2.256270821085634,97.55003075825847,80073a,2023-07-27 12:16:08,47.268159259259264,12.7112,12011.25925925926,219.28426395823416,-2.256270821085634,278.0
20230727,5785,896411,2023-07-27 11:56:23,27.021604994172844,49.418372617954404,10668.130421112552,81.62833707553852,-0.00030339435797895883,93.84849462774669,1,0,0,2023-07-27 12:19:23,26.4667010316059,52.0524017622429,10668.000202218735,88.37231284379106,-8.371480769944612e-07,110.0865499948668,2023-07-27 12:07:23,26.988876172474793,49.959958053837646,10668.130421112552,271.2884974732871,0.0,106.87574547412972,738055,2023-07-27 12:06:33,27.047672151898734,49.95392708860759,10668.0,355.55660143478565,0.0,91.22784810126582
20230727,5785,8964a7,2023-07-27 10:26:26,40.0498759461392,38.50983201156585,10953.955301700955,223.90001425000503,0.09661234137287722,309.38380980294124,-1,0,0,2023-07-27 11:03:26,41.350913342616465,33.07807890128213,10975.441324375815,214.35536381376926,0.04236575852029731,298.2571032286651,2023-07-27 10:45:26,41.50704710241267,36.17130403857402,10953.955301700955,138.52679005109567,-1.3920080626975944,298.5846255902696,151e12,2023-07-27 10:45:18,41.58521497093023,36.18027703488372,11065.539244186046,282.7728881660322,-1.3920080626975944,62.65406976744186
20230727,5785,8964a7,2023-07-27 11:55:26,44.5702227119746,25.594222756243216,10978.237674139791,190.11378318545655,0.6447511097500667,300.3052184794164,1,0,0,2023-07-27 13:54:26,50.42495436521159,7.8380344206161165,8543.958030822301,199.84404866816598,-15.18536993259344,293.6169049240786,2023-07-27 12:10:26,45.3461146889691,23.721178586454528,10978.237674139791,239.2880516054511,-3.904431258679459,298.58598707055705,896214,2023-07-27 12:09:30,45.3520595505618,23.818850561797753,11417.505617977527,229.05628382903447,-3.904431258679459,300.0
20230727,5785,8964ff,2023-07-27 12:42:25,48.118090100324046,15.816840349016958,11124.3752572884,292.4783629934301,-7.681706235597177,114.94819794646021,-1,0,0,2023-07-27 12:55:25,47.38444350073633,17.986463111791906,11097.599847748901,298.2714936604172,-5.40611569305115,117.25923460271098,2023-07-27 12:47:25,47.78424648030657,16.88122999236655,11124.3752572884,205.75099736694648,0.0,115.88594635941853,8964a4,2023-07-27 12:46:31,47.82557775862069,17.00320172413793,10972.0,210.44288980768997,0.0,294.45862068965516
20230727,5785,896513,2023-07-27 11:16:43,41.075506611035884,25.940497259787254,10604.122356630387,276.1416680408727,-6.8764092129260685,83.19292975753638,0,0,1,2023-07-27 11:29:43,40.73118381498389,28.401537052825464,10668.969964657028,274.92647995148843,0.10126076106833862,100.93642880694252,2023-07-27 11:17:43,41.093023365200864,26.136311948715825,10604.122356630387,276.2151946976456,-0.14251937659139857,85.82379030447741,706068,2023-07-27 11:17:28,41.1311649122807,26.16384649122807,11113.798245614034,268.8231334624295,-0.14251937659139857,91.46491228070175
20230727,5785,a01880,2023-07-27 11:08:10,38.78346941162894,-80.69594008089055,10336.771709184142,248.2692012442136,-2.7822631884239946,256.8140429989436,0,-1,0,2023-07-27 12:39:10,36.04963778893559,-95.20567012344605,10295.838952736163,247.60011729480883,-0.4492755946930776,259.37398513054706,2023-07-27 12:21:10,36.54019195689211,-92.69444697970998,10336.771709184142,244.54783199112478,5.290217913795865,253.1707934318816,a98b76,2023-07-27 12:20:42,36.55722025316456,-92.7695417721519,10552.177215189873,230.54249624269244,5.290217913795865,111.62025316455696
20230727,5785,a0da92,2023-07-27 17:20:00,30.865615269783202,-92.1416911660591,11280.197381857037,209.94020042482816,0.0933964556978539,78.95518757060222,0,0,-1,2023-07-27 18:48:00,36.89959906086592,-81.67431482640751,11286.774842093719,219.06012713539968,0.20259700979509326,61.37279947752964,2023-07-27 18:31:00,32.40612104381355,-82.88715190189757,11280.197381857037,229.354716710188,0.0,55.488049677882735,ab6fdd,2023-07-27 18:30:14,32.342559615384616,-82.91679086538461,10972.0,215.0621856562378,0.0,241.0
20230727,5785,a1d76b,2023-07-27 12:49:47,36.67952851737276,-97.71182721535023,10972.000038193168,190.6985114650994,7.149792504906191e-07,259.8880340536043,1,0,0,2023-07-27 13:59:47,35.21235769097397,-107.78999855645164,10972.000073725567,200.262614166682,-5.188461749534261e-07,257.1109378832031,2023-07-27 13:34:47,35.861896172562275,-103.3524818500694,10972.000038193168,219.08549151795816,0.0,264.15066068824035,ab64b8,2023-07-27 13:34:30,35.93060478583092,-103.39029446049491,10731.224017083281,243.80748215724608,0.0,134.9355960306494
20230727,5785,a1fb1a,2023-07-27 12:21:58,34.373389505454654,-102.43281303760702,10968.608675309402,109.50499520209225,0.2834472241246872,289.98670705915305,1,0,0,2023-07-27 12:46:58,35.911975911368366,-106.89692373422518,10971.98860459293,104.0911377807445,0.3908204050924409,294.90189167535885,2023-07-27 12:26:58,34.47452061772931,-102.768708795016,10968.608675309402,193.97358185760433,0.0,289.72983439269444,a10bbc,2023-07-27 12:26:40,34.48423333333333,-102.71063333333333,10668.0,236.0164429209338,0.0,105.22222222222223
20230727,5785,a295c9,2023-07-27 17:30:29,40.57250738233389,-102.66369125254363,10898.577774305795,226.80664897128113,2.678428196153568,294.80571971584686,0,0,-1,2023-07-27 17:48:29,40.78273556460887,-105.4462541429773,10952.788640487412,221.92849862049408,-2.2716479814152004,276.87101244511587,2023-07-27 17:32:29,40.675149933951154,-102.95579188037179,10898.577774305795,226.0034605720005,3.5224787960506294,290.07737182593667,c080d9,2023-07-27 17:31:55,40.72164863207342,-102.91049552868513,10723.866933147752,242.683512228829,3.5224787960506294,109.04960897742595
20230727,5785,a2b154,2023-07-27 11:43:32,28.62205914428923,-83.23017271728375,10363.158060011006,230.64017536943416,0.2308564472523608,195.30219104413902,0,0,1,2023-07-27 11:54:32,27.54790965986082,-84.06105724984403,10362.994094094653,241.88847409485672,-0.008523615610150966,215.6204211388392,2023-07-27 11:48:32,28.019830090280813,-83.4162695405647,10363.158060011006,238.2460993512528,-4.299274409544678,213.84367622910656,a438f1,2023-07-27 11:46:26,28.01396756756757,-83.38846756756757,10151.00054054054,208.36342708817526,-4.299274409544678,177.01189189189188
20230727,5785,a31b74,2023-07-27 11:35:45,35.046737296615355,-97.39208925735524,12000.335312660445,224.23819334353914,2.4407703270763625,351.9805289752376,0,0,-1,2023-07-27 12:08:45,38.10383909458631,-100.15146968058579,12213.695069937898,201.7466695021385,0.1488399528627537,331.71188582406995,2023-07-27 11:58:45,37.80807905627951,-97.87397678694455,12000.335312660445,208.70688520128863,-0.0005183333333328619,322.287524457291,c0174d,2023-07-27 11:57:47,37.745150312499995,-97.93710656249999,11582.0,246.72068905477914,-0.0005183333333328619,252.05625
20230727,5785,a32e8c,2023-07-27 10:59:06,32.10641065479363,-101.82140119301293,10814.617229759162,228.93288871918827,-15.577866191787745,332.56433160074283,0,0,-1,2023-07-27 11:48:06,36.246002763601204,-107.31023291657506,10847.720934940255,227.9767380292397,-6.580323065471757,314.6766090943903,2023-07-27 11:28:06,35.2932988028581,-103.80287575903289,10814.617229759162,234.23448208030612,1.9911888239590945,310.07189319701405,ad9e73,2023-07-27 11:27:36,35.36301689189189,-103.79278108108109,10352.695945945947,236.95128732747781,1.9911888239590945,261.9662162162162
20230727,5785,a3b87f,2023-07-27 17:35:02,43.03098165883948,-87.3820314390301,10515.386086690165,260.63879551421905,-2.7636340655435165,97.01015196675976,0,0,1,2023-07-27 18:15:02,38.84473384963752,-84.56719092364143,10481.586947117825,243.27293364947514,-0.35043379194085716,120.19415878912082,2023-07-27 17:43:02,42.892275569127264,-85.86037955996792,10515.386086690165,252.0980773622379,0.0,150.4375878924885,a9a399,2023-07-27 17:42:11,42.825716317991635,-85.7517849372385,10363.0,239.78639058562305,0.0,223.47698744769875
20230727,5785,a494c5,2023-07-27 16:51:09,35.64540929591881,-101.26784113009742,10363.000018028182,190.51184267681646,-1.8070318303088632e-06,267.1922221288447,1,0,0,2023-07-27 17:53:09,34.245453254204364,-110.85840805462225,10362.99999999998,196.4447068034601,-4.088167810696636e-14,264.20322823761643,2023-07-27 17:14:09,35.52782133048468,-104.16508340525216,10363.000018028182,233.052226312531,-11.578360964766738,266.0930920628169,acce3f,2023-07-27 17:13:40,35.52509420289855,-104.09069041248607,9870.647714604236,254.59359574068634,-11.578360964766738,57.38573021181717
20230727,5785,a4ea77,2023-07-27 13:33:38,32.94048220327686,-112.13799550805912,10281.88412122637,231.89149934550977,0.16354711940176053,283.832996164683,0,0,-1,2023-07-27 13:49:38,32.81751570481861,-114.36976229326388,10329.156369128503,233.20372875682585,-1.4590065645750916,269.0036840933377,2023-07-27 13:34:38,32.9703941683505,-112.28251111910316,10281.88412122637,230.78660504721046,-6.3258548738710685,282.98254010420686,a57f42,2023-07-27 13:33:45,32.89323230769231,-112.33873692307692,10817.661538461538,231.3022827659604,-6.3258548738710685,282.0
20230727,5785,a690a8,2023-07-27 18:16:41,44.85194389558323,-90.94487450270789,10621.476791457371,275.31728930560456,-0.9685538377148261,96.90297199554732,0,0,1,2023-07-27 19:18:41,38.06931416404458,-85.2445031909362,10508.306686673306,240.30153262962673,-0.759802973182369,111.45097807800238,2023-07-27 18:41:41,44.40061020469941,-85.77937366911681,10621.476791457371,257.2037565608711,0.0,160.32951779859658,3c6711,2023-07-27 18:41:32,44.41075,-85.76464999999999,10058.0,272.4414890593872,0.0,44.0
20230727,5785,a79e31,2023-07-27 12:47:48,37.178688443919725,-89.12158531780395,10240.87922259763,206.20499532847904,4.165807437278709,255.1918159254868,1,0,0,2023-07-27 13:56:48,35.482405337937465,-100.34728414010563,10231.036262588605,205.72523669671688,-4.654183091919807,264.9217728850419,2023-07-27 13:08:48,36.57871888012911,-91.93859701307197,10240.87922259763,246.12140670904105,0.0,258.0796837560276,a7fe1c,2023-07-27 13:08:45,36.5747859375,-92.04104140625,9753.0,230.40720380060495,0.0,124.171875
20230727,5785,a7b0c4,2023-07-27 10:43:03,34.49333186472889,-78.6079854057693,10277.028174970235,216.61130220909573,-2.6373117924151024,217.49609335991934,-1,0,0,2023-07-27 11:02:03,32.897924996377796,-80.55798303426913,10327.04458820477,212.06577699171962,-0.2840686898974675,225.57014180416778,2023-07-27 10:45:03,34.30736077545755,-78.77996758176138,10277.028174970235,192.5240802793278,0.0,220.08570013488784,aaf0ce,2023-07-27 10:44:58,34.23783699115044,-78.83593185840708,10363.0,137.51883329816388,0.0,214.55221238938054
20230727,5785,a8021d,2023-07-27 12:02:58,39.95674765225818,-93.55199617974834,12138.423931427544,345.5441381891176,-5.3527481322882,302.7586208921496,1,0,0,2023-07-27 12:24:58,41.28574643164262,-96.36234771612169,12195.950361709734,341.3604815690949,0.426879477009603,301.4861131062846,2023-07-27 12:20:58,41.771777708661695,-97.27771727186455,12138.423931427544,203.18846761806068,0.0,302.2429741610806,ab4126,2023-07-27 12:20:13,41.83119041916167,-97.21059461077844,12192.0,230.2943399798579,0.0,300.22754491017963
20230727,5785,a8021d,2023-07-27 12:24:58,41.28574643164262,-96.36234771612169,12195.950361709734,341.3604815690949,0.426879477009603,301.4861131062846,-1,0,0,2023-07-27 12:57:58,43.28494722765519,-101.13103823386754,12180.309097766412,346.82485368077994,-0.7383613493665039,297.914040294637,2023-07-27 12:45:58,43.30402727305451,-100.81402686558867,12195.950361709734,85.78002938617718,0.0,298.7639248621964,ab4126,2023-07-27 12:45:13,43.26343077790305,-100.88118714768883,12496.0,224.81440846637233,0.0,295.02593010146563
20230727,5785,a9f30b,2023-07-27 11:28:51,44.760531556111076,-119.77907238615263,11232.155648681794,271.99796139269415,-5.8370039143284895,101.11119525504925,-1,0,0,2023-07-27 11:53:51,43.86426945365452,-115.04110953010988,11118.15967689067,281.67426270560503,-7.883524229078331,107.87776322533148,2023-07-27 11:35:51,44.56116835851696,-118.36601296906254,11232.155648681794,129.68114735455993,2.1999536252618053,96.40321091590269,a6c6c8,2023-07-27 11:35:25,44.51360167130919,-118.27660111420613,11277.116991643454,208.52234435663757,2.1999536252618053,187.9766016713092
20230727,5785,aaa668,2023-07-27 18:50:15,29.9878150181274,-83.13278519710539,11924.138961346584,211.57318603506303,3.4631583156087924,142.39853918130018,0,0,1,2023-07-27 19:16:15,27.493423328042642,-82.33947596068283,11967.25499429041,203.53047181684866,-0.19687861869897977,157.9401910845567,2023-07-27 18:52:15,29.80630713083562,-82.97246801446494,11924.138961346584,211.24302036714388,0.0,145.86580427052692,c08536,2023-07-27 18:52:14,29.76815614035088,-82.97241228070175,11582.0,238.2729258808563,0.0,213.18713450292398
20230727,5785,ab1fbb,2023-07-27 11:39:45,34.486066140511774,-106.74002898769807,10532.628297451247,239.6601530157868,-1.2593052674155396,95.48145047172382,0,0,1,2023-07-27 11:59:45,33.180920721644114,-104.10726835966304,10494.075330280486,240.0622048572523,-5.543026139870341,111.98837925665804,2023-07-27 11:40:45,34.47358443704583,-106.58422160221879,10532.628297451247,261.26997233577384,1.2568681318681318,96.90766505562698,a5bb17,2023-07-27 11:40:37,34.47113076923077,-106.61353846153847,10058.0,243.98517157289143,1.2568681318681318,92.6923076923077
20230727,5785,abd8e4,2023-07-27 11:55:38,36.07455925555129,-99.89724845428138,11582.190620992289,118.13337714696368,-0.02640877817013099,313.09870441486544,1,0,0,2023-07-27 12:39:38,39.152451058506045,-103.83073103157393,6680.076525424784,111.77682372132116,-3.123934755133932,310.7024292575474,2023-07-27 12:19:38,37.121624009995664,-101.28586596369642,11582.190620992289,220.72824081178095,0.0,312.7433903237265,c0174d,2023-07-27 12:18:47,37.1612,-101.2965,11582.0,241.03201572269924,0.0,263.0
20230727,5785,ad285f_1,2023-07-27 15:17:08,35.119268545044534,-105.514157102897,10545.035376408083,235.54007177769572,-0.35342109991001225,86.93609258570486,0,1,0,2023-07-27 18:01:08,37.856964141378256,-79.80966325561117,10552.681440349392,248.2386797225909,-4.140018304231366,81.66348785684649,2023-07-27 15:54:08,35.367509859991344,-99.77705479148452,10545.035376408083,229.6167165176467,-0.5251006555816768,87.54210481734559,a69495,2023-07-27 15:54:07,35.31677455101446,-99.7566278371032,10964.955225706242,185.7620361360741,-0.5251006555816768,177.713541889137
20230727,5785,ad7ab8,2023-07-27 11:55:39,34.08235734420338,-101.21585757142641,9828.8621982043,244.6551477658754,-1.0569435362976514,91.63380138468105,0,0,-1,2023-07-27 13:13:39,37.467785255427636,-92.76450794470821,10040.595366594196,232.8891614172625,1.4120370657876185,73.45122936128432,2023-07-27 12:00:39,34.06297777419809,-100.42105516179173,9828.8621982043,240.60376860301596,2.050544022274807,75.44484141600987,a23494,2023-07-27 12:00:17,34.00073937823834,-100.39434715025907,10192.326424870465,40.09565689443675,2.050544022274807,294.0
20230727,5785,ae056f,2023-07-27 18:48:14,37.89670139779947,-108.54432073554567,10545.719191575463,243.3989191596557,-10.86759354611642,24.709534746247773,0,0,1,2023-07-27 19:31:14,41.523631122182806,-102.82317526037518,10537.293887983726,246.20659867353422,-7.478314408198663,42.68955138019549,2023-07-27 18:51:14,38.2552079166387,-108.33542250848893,10545.719191575463,243.0316466130582,0.5258958766909468,33.47100481427827,ab5f00,2023-07-27 18:50:43,38.331132258064514,-108.26038024193548,10978.892177419355,220.25883794291815,0.5258958766909468,230.7639919354839
20230727,5785,c05218,2023-07-27 11:54:30,41.10958186282254,-88.73980820306161,10207.851975015377,232.83528188036493,-12.705865937204258,252.40525862620956,0,-1,0,2023-07-27 13:18:30,38.58999727477932,-101.94554667047069,10186.186438119701,222.83743648078175,-1.6807064606081359,261.8253479924932,2023-07-27 12:44:30,39.202736009125665,-96.55348043510338,10207.851975015377,228.38064961549745,-2.164045877486884,263.61090310737177,a53207,2023-07-27 12:43:41,39.12959961430575,-96.52558561974053,10057.454296984572,224.71654411265945,-2.164045877486884,299.4901748772791
20230727,5785,c05218,2023-07-27 13:18:30,38.58999727477932,-101.94554667047069,10186.186438119701,222.83743648078175,-1.6807064606081359,261.8253479924932,0,1,0,2023-07-27 14:14:30,37.471368222780924,-110.27138342050915,10214.921934808795,225.03386923355316,-3.294371115406263,256.75052863876704,2023-07-27 13:20:30,38.555547941181,-102.24924354130754,10186.186438119701,221.92636421680615,0.18929509830569913,261.621721568063,a967c9,2023-07-27 13:19:50,38.563573262661954,-102.15390906949352,10668.0,272.86156577666975,0.18929509830569913,81.67726737338045
20230727,5785,c0614d,2023-07-27 11:10:06,32.979699751690596,-96.69092034091484,10956.840301199936,226.55214015917204,1.4810591812274472,336.71839759893356,0,-1,0,2023-07-27 12:13:06,38.58126434781957,-103.1255916140164,10972.008652708695,219.0783595568472,-0.0003144588190792696,320.02330371124964,2023-07-27 11:25:06,34.66805927170494,-97.56209213822136,10956.840301199936,221.46813046299468,0.0,315.73079062664675,abfd8c,2023-07-27 11:24:07,34.7274,-97.57958888888889,10668.0,246.80087484686777,0.0,146.88888888888889